region,(All),
,,
Count of address,,
website,name,Total
(blank),(blank),
papadoma.net,"Stroymarket ""Papa Doma""",1
parket-sale.ru,"Filial Ooo ""Yarmarka Parketa"" V G.pskov",1
parus-komi.ru,Parus,1
39pesok.ru,39 Sand,1
penopolistirol-39.ru,Gur'yevskiy Zavod Penopolistirola,1
afanasy29.ru,Dacha Stroyka Dom,1
ngorod60.ru,Stroybaza Ugrada,1
хатка11.рф,Khatka Ooo,1
novgorod-sm.ru,Stroitel'naya Baza Sm,1
amegastroi.ru,Amega-Stroy - Krovel'nyye I Fasadnyye Materialy,1
obi.ru,Obi,1
apk.ru,Arkhpromkomplekt,1
petrozavodsk.ksk24.ru,Ksk,1
apriori-kd.ru,Apriori,1
p-lavochki.com,"Pechki-Lavochki, Magazin",1
baltrosnab.ru,Baltrosnab,1
privetninskoe.stroyudacha.ru,Stroyudacha Privetninskoe,1
belomorskayapmk.ru,"Magazin ""Stroymaster""",1
prom-extra.ru,Ooo Promekstra,1
braerpskov.ru,Kirpichnyy Tsentr,1
prommax.ru,Prommaks,1
com-karelia.ru,"Som, Magazin Otdelochnykh Materialov",1
pulscen.ru,Building Products,1
dammers-les.narod.ru,Dammers,1
qmix.pro,Qmix,1
detals.su,Detali,1
rapidkld.ru,Ooo Rapid,1
eco-dvor.ru,Строймаркет ECO-DVOR.RU,1
raskras39.ru,Torgovyy Dom Raskras,1
electromarket-im.ru,Elektromarket,1
rus.sika.com,shop Hammer,1
enkor.ru,"""Enkor""",1
sadfasad.wixsite.com,"Tsentr Blagoustroystva ""Baltiyskiye Landshafty""",1
finncolor.ru,Finnkolor,1
samodelkin74.ru,Samodelkin,1
fulogy.ru,Umnyy Dom Kaliningrad,1
sankt-peterburg.tstn.ru,Tekhnonikol' Torgovaya Set',1
gatchina.petrovich.ru,Petrovich (Gatchina),1
santekspskov.ru,Partnor,1
gvozd39.ru,"Shop ""Nail""",1
shopsan.ru,"SHOPSAN.RU, магазин сантехники",1
ipokupka.com,Online Shop AyPokupka,1
silkhouse39.ru,Silk Plaster Калининград,1
kerasfera.ru,Kerasfera Na Sel'me,1
slavyanstil.ru,Slavyanskiy Stil',1
kirpichnoe.stroyudacha.ru,"TD ""Stroyudacha""",1
smartkd.ru,СМАРТ магазин строительных материалов,1
knauf.ru,Knauf,1
sosnovo.vimos.ru,"Trading House ""Vimos""",1
komplektacya.ru,"Ooo ""Prom"" - Vso Dlya Vashey Stroyki",1
spb.slavdom.ru,Slavdom,1
kontur-yamal.ru,Magnit Mebel',1
spbplaton.ru,Platon Spb,1
kraski39.ru,"New walls, decorative paints and plasters",1
steico39.ru,Centre for Environmental Building Materials,1
kskstroi.ru,"Ooo ""Ksk "", Stroitel'nyye Materialy . Krovlya I Izolyatsiya .",1
strmir.ru,Stroitel'nyy Mir,1
ladnydom.ru,Lata house,1
stro18.ru,stro18,1
les-ms.ru,Masterok Td Ooo,1
stroybaza53.ru,Stroybaza53,1
masterkomplekt.ru,Td Master Komplekt,1
stroybazaporhov.ru,"Stroybaza ""Starorusskaya""",1
masterovoy-spb.ru,Masterovoy,1
stroybazapskov.ru,Vso I Crazu,1
maxidom.ru,Maxidom,1
stroybaza-razmetelevo.ru,Razmetelevo,1
megapolys.com,"Мегаполис, Строительные Материалы",1
stroydvor11.ru,Stroy Dvor Torgovaya Kompaniya,1
metizstroy.ru,Metizstroy,1
stroymarket-365.ru,Stroymarket 365,1
metrkub.ru,Magazin Kubometr,1
stroy-sklad.spb.ru,Stroy Sklad Torgovo-Stroitel'nyy Internet-Magazin,1
moskeram39.ru,Moskeram,1
stroysklad-spb.pulscen.ru,"""Stroysklad"". Internet-Magazin Stroitel'nykh Materialov",1
mprofil.ru,M-Profil',1
stroysnab.com,Stroysnab,1
nerud35.ru,"Stroymaterialy Plyus, Ooo",1
stroytorg-peterhof.ru,Stroytorg,1
antyrag.ru,"Anturazh, Magazin Stroitel'nykh Tovarov I Inter'yernykh Resheniy",1
stroyvkus.ru,Stroyvkus - Stroitel'nyye Materialy,1
avrora39.ru,Интернет-магазин строительных материалов «Аврора»,1
studiobg.ru,White City,1
boltkomi.ru,Krepezh Market,1
syktyvkar.quickstep.ru,QUICK STEP,1
comstroy-spb.ru,Kompaniya Komstroy Spb,1
sytel29.ru,ООО «СИТЕЛ»,1
dom-decor.com,Dom&Decor,1
td-sm35.ru,"Trading house ""Building materials""",1
elementdoma.ru,Elementy Doma Sklad,1
tehnoizol39.ru,Tekhnoizol,1
fsk-metallprofil.ru,Fsk,1
teplohranitel.com,Teplokhranitel',1
gidrobet.ru,Gidroprof,1
teremkatalog.com,Td Russkiy Terem,1
kauppi.ru,"Onlayn-Gipermarket ""Kauppi""",1
tetrisvn.ru,Tetris,1
klester.ru,KLESTER System,1
torgrevz1.ru,"СТРОЙХОЗТОВАРЫ, ИП Олиферчук С.П., официальный представитель Ревякинского металлопрокатного завода",1
kontinent.ru,Kontinent,1
tosno-stroy.ru,Russkaya Derevnya,1
kronaspb.ru,Krona,1
unist-stroy.ru,Yunist-Stroy,1
leroymerlin.ru,"Vse Dlya Sada I Ogoroda, Magazin",1
u-pokupka.ru,Dachnaya Pokupka,1
masterkovdor.my1.ru,"Shop ""Master""",1
vanaheim.ru,Stroitel'nyye Inzhenernyye Otdelochnyye Materialy,1
megapolis53.ru,Мегаполис,1
vek-vologda.ru,Novyy Vek,1
metizy-stroy.ru,Metallstroy,1
vsevbaza.ru,Vsevolozhskaya Timber base,1
motoblok-vologda.ru,master house,1
weber-vetonit.ru,clever mixture,1
altai-zabor.ru,"Алтай, центр ограждений № 1",1
wiplast.ru,Viplast,1
bazakirpicha.ru,Baza Kirpicha,1
woodby.ru,"Mir Stroiteley, Stroitel'nyy Magazin",1
dcm39.ru,dcm39,1
zaborvn.ru,Stroyzabor,1
eurocement.ru,Stroykrovlya,1
армир.рф,Armir,1
hst-kaliningrad.ru,"Khozstroysnab-Ugol', Drova, Tsement, Brikety Kaliningrad",1
балтсептик.рф,"""Baltseptik"" Chistyye Tekhnologii Dlya Vashego Doma",1
koltushi.vimos.ru,Vimos,1
ванныспб.рф,Astra,1
ksm39.ru,Kaliningradstroymarket,1
вт39.рф,"Ooo ""Vest Treyd""",1
material39.ru,Pesok Kaliningrad,1
домострой29.рф,Domostroy,1
mks29.ru,Kosmodom,1
квадратура.рус,Kvadratura,1
apline35.ru,"Aplayn, Optovo-Roznichnyy Tsentr",1
керамикгруп.рф,Keramik Grup,1
eco-pol.com,Eko-Pol,1
крепеж29.рф,Fastening tools,1
kirovsk.vimos.ru,"Торговый Дом ""ВИМОС""",1
кровля-карелия.рф,Krovel'nyy Tsentr,1
magazinmark.ru,Mark,1
мужскоедело.рф,Muzhskoye Delo,1
ms29.ru,Mir Snabzheniya,1
перминов-строй.рф,Perminovstroy Stroitel'nyye Materialy,1
gatchina.elementsm.ru,Stroitel'nyy Magazin Element,1
сайдингввологде.рф,Festen,1
metizi.com,Metizy,1
стройбаза-путилово.рф,Stroybaza Putilovo,1
kosbud.com.pl,KOSBUD,1
стройсортавала.рф,Zastroyshchik,1
brigadirstd.ru,Std Brigadir,1
умелый-дачник.рф,Umelyy Dachnik,1
250505.ru,GrossHaus,1
,Granit Tsentr,1
pskovmetiz.ru,Pskovskiy Dom,1
,Metiz,1
hilti.ru,Rosa,1
,Hilti Строительный Салон,1
kompozitvn.ru,"Remeslo, Baza Stroitel'nykh Materialov",1
,Kompozit,1
master-kom.ru,Stroymir,1
,"Masterkom, Stroitel'nyy Magazin",1
stroidom-online.ru,Losk,1
,"Fire, water and different pipe ...",1
ambar-stroy.ru,Saturn Stroymarket,1
,Ambar-Stroy,1
bolshaya-ijora.stroyudacha.ru,Stroyudacha,1
,"Stroitel'nyy Magazin, Ropsha",1
bavariaplus.ru,Bayern Plus Repair,1
,Azbuka Remonta,1
apelsingroup.ru,Stroykhozmarket Bau,1
,Apel'sin Grupp,1
isover.ru,Kvartirnyy Vopros,1
,Gals,1
stroycom53.ru,Stroyoborudovaniye,1
,Stroykom,1
volsnab.ru,Vash Dom,1
,"Td ""Snabzhenets""",1
stroymag-v-centre-spb.ru,Stroymag Stroytovary,1
,Stroymag,1
bsc.im,VERTEX - интернет магазин строительных материалов,1
,Bsk,1
stroymir39.ru,Stroymir39,1
,"Aleksstroy, Remontno-Montazhnaya Kompaniya",1
sadko53.ru,Sadko-Vn,1
,Favorit,1
perimetr-shop.ru,Stroitel'nyy Internet-Magazin Perimetr,1
,Stroitel'nyy Internet Magazin,1
bus-rus.com,"Ну, ты мужик!, магазин ООО ""Сатурния""",1
,Delovaya Rus',1
stroyteh53.ru,Ip Tsvetkov A.s.,1
,Building technology,1
kingisepp.petrovich.ru,Stroymaterialy,1
,Petrovich (Kingissepp),1
petrozavodsk.shtaketniki.ru,Tsentr Metallokrovli - Proizvodstvo I Prodazha Shtaketnika Dlya Zaborov I Ograzhdeniy,1
,Nort-Kareliya,1
comboinfo.com,Mastak,1
,"100 Melochey, Khozyaystvennyy Magazin",1
polatovo.com,"Torgovyy Dom ""Krepezh""",1
,Stroydvor Polatovo,1
zelmir12.ru,Домострой,1
,Zelenyy Mir,1
tddomovoy.ru,"Stroymateriyaly ""Master""",1
,"Domovoy, Khozyaystvennyy Magazin",1
sds-51.ru,Stroydomsam,1
,Beregun,1
tdsot.ru,Stroyopttorg Vystavochnyy Zal,1
,Hammer and sickle,1
segeja.mestarf.su,"ДОМ-ДЕКОР, магазин строительных товаров",1
,Uncle Fedor,1
tehnotrade39.ru,Interio Decor,1
,"Atomoto, Magazin Sel'skokhozyaystvennoy Tekhniki I Kommunal'nogo Oborudovaniya",1
bazabloka.ru,Instrumenty,1
,Baza Bloka Na Kamskoy,1
lsrstena.ru,Lsr Tsentr Stroitel'nykh Materialov,1
,Bk Stroitel'nyye Materialy,1
europrofil29.ru,Yevroprofil',1
,"Torgovyy Tsentr ""Metr""",1
tophouse.ru,"ТОП ХАУС, Офис продаж ""Парк Победы""",1
,"ТОП ХАУС, Офис продаж ""Озерки""",1
skkomi.ru,Stroykomplektkomi,1
,"Ooo ""Skk""",1
arteliya.ru,"Magazin ""Dom Plyus""",1
,Arteliya,1
eurostyle-kld.ru,Yevrostil',1
,"Kar-Vit, Magazin Otdelochnykh Materialov I Santekhniki",1
delo60.ru,Stroymarket ''gvozd''',1
,Delovoy,1
arsspb.biz,Viking,1
,"Ars Spb, Tsentr Innovatsionnykh Otdelochnykh Materialov",1
gildiya39.ru,Trade Guild,1
,LION СТРОЙ & ХОЗМАРКЕТ,1
smles-pskov.ru,"Magazin Krepezha I Ruchnogo Instrumenta, Ooo Al'fa Krepezh",1
,Lesotorgovaya Baza Sm Pskov,1
akson.ru,Evrika,1
,Akson,1
sofbaz.ru,"Stroitel'naya Baza ""Sofiya""",1
,Magazin Stroitel'nykh Tovarov,1
goldpak-sever.ru,"ООО ""Голд Пак Север""",1
,Vintik,1
mhnov.ru,Soyuz,1
,House master,1
pozern.ru,Stroydom Mamont,1
,Robinzon-1,1
mirpechek.ru,Magiya Ognya - G. Ostrov,1
,Magiya Ognya - G. Opochka,1
borfence.ru,Borovit,1
,BorFence,1
полыстеныпотолки.рф,Zapadnaya Tekhnicheskaya Kompaniya,1
,PARADOR,1
prozon.ru,"Obshchestvo S Ogranichennoy Otvetstvennost'yu ""Internet Resheniya Prozon.ru""",1
,Klinker,1
ремонт3000.рф,Remont3000,1
,Remont 3000,1
strojmag35.ru,Zvozdnyy,1
,Zvezdnyy,1
spb-centurion.ru,"Ooo ""Stroy-Otdelka"" Proizvodstvo I Prodazha Otdelochnykh Materialov",1
,Magazin Stroitel'nyye Tovary,1
g-komplekt.ru,Fossa,1
,Dzhi-Stroy,1
mkrep.ru,"Vetlosyanskiye Stroymaterialy, Oao",1
,Mkrep,1
grandline.ru,"Строительный магазин ""МАСТЕР*ОК""",1
,Story House,1
стройматериалы29.рф,Stroymaterialy-Plyus,1
,Al'batros,1
lider35.ru,Vologodskaya Kommercheskaya Kompaniya,1
,Stroymarket Lider,1
stalinpskov.ru,Tsentr Stroitel'nykh Tekhnologiy,1
,StalinPskov,1
gidroizol.ru,"Khozyayushki, Khozyaystvennyy Magazin",1
,Gidroizol.ru,1
строй-хаус.рф,Stroykhaus,1
,Stroybaza,1
praktik60.ru,Практик,1
,Praktik,1
staltd.ru,Stal' Td,1
,"Magazin ""Parma""",1
petrovich.ru,Petrovich,1
,Construction Trading House Petrovich,1
усоседа.рф,"Stroitel'nyy Magazin ""U Soseda""",1
,Promtovary,1
corkdom39.com,Sadovyy I Stroitel'nyy Instrument,1
,Cork House,1
stdvolhov.ru,Stroitel'nyy Torgovyy Dom,1
,Stroitel'nyy,1
a-altum.ru,A-Al'tum,1
,"Skl, Magazin Santekhniki",1
,Luch,1
teplosfera.ru,Santekhnika,1
,Tts Domovonok,1
,Teplosfera,1
tera-dom.ru,Komfortservis,1
,Tera,1
,Stroybaza Yuzhnaya,1
imaks.su,Construction Materials,1
,Yupiter.ru,1
,Imaks,1
spb.leroymerlin.ru,Leroy Merlin,1
,Stroitel'nyye Gipermarkety,1
,Lerua Merlen,1
stdostavka.ru,Belyy Kamen' Plyus,1
,Магазин «Строитель»,1
,Stroydostavka,1
doors60.ru,Domolyuks,1
,Piramida,1
,Kontinent Dverey,1
masterts.ru,Derevyannyy Ray,1
,Мастер,1
,"Ooo ""Profsantekh""",1
stroybatinfo.ru,"Magazin ""Khozstroy""",1
,Td Stroybat,1
,Magazin Stroitel'nykh Tovarov Irina,1
tools-shop51.ru,Northern Crown,1
,ИНСТРУМЕНТЫ51.ru,1
,Torgovyy Dom,1
999-m.ru,999 details,1
,"Yenot, Internet-Magazin Stroitel'nykh Materialov",1
,"Magazin Stroitel'nykh Materialov, Ip Khmel'nitskaya Ye.ye.",1
villa-balt.com,Dobornyye Elementy Dlya Krovli I Sten,1
,Shop roofing and facade materials Villa-Balt,1
,Klondayk,1
homaste.ru,Domashniy Master,1
,Zagorodnyy Prospekt Stroitel'nyy Magazin,1
,"Stroytovary ""Domashniy Master""",1
arista-rk.ru,Arista,1
,Timan Magazin,1
,Khozservis,1
logos.natm.ru,"Kraski, Magazin",1
,Yevrodom,1
,Logos,1
baucenter.ru,Baucenter,1
,Our store,1
,ID СТРОЙ,1
tdsila.ru,"Magazin "" Stroitel'""",1
,"Universal, Magazin",1
,Sila,1
zolyska.ru,"Magazin ""Kvant"" Stroytovary",1
,Строймаркет Искрасофт,1
,Zolushka,1
novostroy-29.ru,"Novostroy, Ooo",1
,"Stroyka, Optovo-Roznichnyy Tsentr",1
,"Ooo ""Russkiy Sever""",1
fanfix.ru,"""Fanfiks"" Torgovaya Stroitel'naya Kompaniya. Stroitel'nyye Materialy V Kaliningrade",1
,Stroy-Kaliningrad,1
,"Ruck Zuck, Магазин",1
stroy-luban.ru,"Dialog, Khozyaystvennyy Magazin",1
,Строй-Любань. Строительные и отделочные материалы с доставкой! Низкие цены!,1
,СтройЛюбань. Строительные и отделочные материалы с доставкой! Низкие цены!,1
sevstroytorg.com,"Ooo ""Sevstroytorg""",1
,"ООО ""Севстройторг""",1
,"Soyuz, Magazin Stroitel'nykh Tovarov",1
idd35.ru,"Baza ""Gvozd'""",1
,Vologodskiy Tsentr Inertnykh Materialov,1
,Ideas for home,1
cork-house.ru,Nisko Spb,1
,"Uyutnyy Dom, Magazin Stroitel'nykh Tovarov",1
,Stroyslon,1
orlan-luga.ru,Nikol'skiy,1
,"Stroitel'nyy Magazin ""Stroydombaza""",1
,"Stroitel'naya Torgovaya Kompaniya ""Nova""",1
sks.spb.ru,Muravey,1
,Stroykomplekt,1
,Stroitel'nyy Torgovyy Dom Sks,1
stmarket.su,Slava,1
,"Torgovyy Dom ""Trud""",1
,"Telezhka, Stroitel'nyy Gipermarket",1
smzreal.ru,"Palitra, Magazin Otdelochnykh Materialov",1
,Stroymaterialy-K,1
,Smzreal,1
plintus-m.ru,"Dom I Vso, Chto V Nom",1
,Skorpion,1
,Plintus-M,1
bazacomfort.ru,Komfort,1
,Stroybaza Pankovka,1
,Stroitel'nyy-2,1
krepmarket.ru,"Samodelkin, Magazin Otdelochnykh I Stroitel'nykh Materialov",1
,Prof Krep,1
,Krepmarket,1
,Krepmaster,1
elementsm.ru,Строительный магазин Элемент,1
,"Ooo ""Progress""",1
,Istok,1
,M-N Kontur,1
rekoma.ru,"Trading House ""Recom""",1
,Rekoma,1
,Galereya Stroitel'nykh Resheniy,1
,Kaskada,1
muravei29.ru,"Som, Magazin Stroitel'nykh Tovarov",1
,"Muravey, Torgovaya Set'",1
,"Domostroy, Set' Magazinov Stroitel'nykh I Otdelochnykh Materialov",1
,"Muravey, Magazin Otdelochnykh I Stroitel'nykh Materialov",1
rezonans60.ru,Stroybaza Rezonans,1
,Rezonans,1
,"Oboyma, Magazin Oboyev",1
,"Peredelkino, Magazin Stroitel'nykh Tovarov",1
syktyvkar.krovli-fasadi.ru,Vso Dlya Krovli I Fasada,1
,Stroy-Tsentr,1
,Mirta,1
,"Santekhnika,",1
mv29.ru,Ooo Megavol't,1
,Magazin Megavol't,1
,Household chemicals,1
,Khozstroy,1
tdstroitel.ru,Торговый Дом Строитель,1
,Td Stroitel',1
,"Rapchinskiy V.v., Magazin Stroitel'nykh Tovarov",1
,"Stroitel'nyye I Otdelochnyye Materialy ""Som"" Magazin",1
venus-online.ru,Venas,1
,Megastroy,1
,Kosmos,1
,Krepezh,1
stroybaza60.ru,Stroybaza Na Belinskogo,1
,"Shop ""Construction""",1
,"Magazin Stroitel'nykh Tovarov, Ip",1
,"Ruletka, Magazin Stroitel'nykh Tovarov",1
strongfix.ru,Stroyopttorg,1
,Stroim Nash Dom,1
,Forum,1
,Magazin Stroyka,1
cherepovets.leroymerlin.ru,Леруа Мерлен,1
,Skht,1
,Khozyayushka,1
,Lotos,1
sestroretsk.vimos.ru,Yevrostroy,1
,"Torgovyy Dom ""Vimos""",1
,Stroy Bazar,1
,Stroy-Ambar,1
profpksr.ru,Stroitel'nyye Resursy,1
,PATINA,1
,Housing,1
,Nevskiye Stroymaterialy,1
mirsvai.ru,"Shop ""Warm House""",1
,Promintekh,1
,Fanera,1
,Mir Svay,1
stena.spb.ru,Yefimych,1
,Torgovyy Dom Stroitel',1
,Stena,1
,Stroitel'naya Baza,1
метиз-сыктывкар.рф,Tarkett,1
,"Stroyberi, Magazin Stroitel'nykh Materialov",1
,"Magazin ""Tekhkomplekt""",1
,"Metiz, Set' Magazinov Krepezhnykh Izdeliy",1
centerkrovel.ru,"Zavod Krovel'nykh I Fasadnykh Sistem, Magazin-Salon, Pushkinskiye Gory",1
,"Zavod Krovel'nykh I Fasadnykh Sistem, Magazin-Salon, Porkhov",1
,"Center for roofing and facade systems, Shop - Salon",1
,Vse Dlya Doma,1
csm51.com,Tvoya Kvartira Magazin Stroymaterialov,1
,Tsentr Stroymaterialov Murmana,1
,Kronverk,1
,"Stroylend, Magazin Stroitel'nykh Tovarov",1
cement-kaliningrad.ru,Tsementsnabkaliningrad,1
,Stroitel'nyy Sezon,1
,Ebis - Tsentr Krovel'nykh Materialov,1
,Ekodom Plyus Ooo,1
kondopoga.elementsm.ru,WoodStore Karelia,1
,Tsentr Uyuta Magazin,1
,Element,1
,Magazin Stroitel'nykh Materialov,1
maxnekrasov1998060.wixsite.com,Sarayka,1
,Black cat,1
,"Stolyarof""",1
,Magazin Khoroshiy Ip Nekrasov M.o.,1
,Parket-Tsentr,1
shop.kamen53.ru,"Magazin Stroitel'nykh Tovarov ""Stroitel'naya 2""",1
,Construction base,1
,"Stroitel', Magazin",1
,Gamma,1
,"Magazin ""Stroitel'""",1
econom35.ru,shop Ekonomstroy,1
,Ekonomstroy,1
,Torgovyy Tsent Sever,1
,Home master,1
,Partner,1
bazatermit.ru,"Stroybaza ""Termit""",1
,BUILDING Base Termite,1
,Stroytovary Muravey,1
,"Magazin ""Stroykhoz""",1
,"Stroitel'nyy Magazin ""Sampo""",1
princip39.ru,"Torgovyy Dom ""Printsip"", Set' Magazinov Stroitel'nykh Materialov",1
,Chrisal,1
,Принцип Торг,1
,Lkm-Servis,1
,"Printsip, Magazin",1
zhaluzibra.ru,"Khoztorg, Khozyaystvennyy Magazin",1
,"""Zhalyuzibra""",1
,"Ooo ""Stroytorg"" Usinsk",1
,Ideya Parketa,1
,Khozmir,1
малодвинье.рф,Stroybaza Molotok,1
,Malodvin'ye,1
,"Stroymag, Magazin Stroitel'nykh Tovarov",1
,Snabzhenets,1
,Stroy Mir,1
econom.su,Perestroyka,1
,Ekonom,1
,Umelets,1
,Magazin Palych,1
,"Muravey, Magazin Otdelochnykh Materialov",1
inform-expert.ru,"Td Stroymarket, Zvukoizolyatsiya Zhilykh I Kommercheskikh Pomeshcheniy",1
,Denis,1
,Информ-Эксперт,1
,Kuzbass-Stroy,1
,Ooo Inform M-N Iskorka,1
beniluks.ru,"Snabzhenets, Magazin",1
,Benilyuks,1
,Tyap-Lyap Magazin,1
,Magazin Upravdom,1
,Premix,1
ststroitel.ru,Stroitel'nyy Magazin,1
,Magazin Stroitel',1
,Строительный Магазин №1,1
,Stroitel,1
,Stroitel',1
kapelev.ru,"Ooo ""Mtv Plyus""",1
,Construction and household goods,1
,"ООО ""Капелев и М""",1
,Dveri V Dom,1
,Grandpesok39,1
integralfanera.ru,Shtil' Novgorodlesprom,1
,Armada-N store garden and household goods,1
,КАКАДУ Центр колеровки Tikkurila,1
,Shok,1
,"Shop ""Megastroy""",1
saturn.net,Saturn,1
,"Mastermarket, Stroitel'nyy Magazin",1
,Stroymarket Saturn,1
,Metro Primorskaya,1
,Poisk,1
baza-bsm.ru,Td Stroypartner,1
,"Ooo ""Kma39""",1
,"БСМ, База стройматериалов",1
,"Sigran, Magazin Stroitel'nykh Tovarov",1
,"Stroitel'nyye Materialy Khozyain, Magazin",1
shirokov53.ru,Stroymaterialy Shirokov,1
,"Magazin ""Komfort""",1
,"Стройматериалы, ИП Саутов С.А.",1
,"Magazin ""Umelets""",1
,Okonnyy Supermarket Galichi,1
materik-m.ru,Материк. Торгово-складской комплекс «Калинина»,1
,TIKKURILA - СТРОЙТОВАРЫ СТРОЙМАГ МАСТЕР ОК!,1
,"ТД Материк, торгово-складской комплекс «Якорная»",1
,"Trade and construction company ""Roof House""",1
,Материк. Офис продаж «Смоленка»,1
2gis.ru,Stroyrynok,1
,"Tsentr Stroiteley I Sdovodov ""Rezonans-Dachnik""",1
,Stroyservis,1
,Magazin Instrumentov I Sadovoy Tekhniki,1
,Arkada,1
,Stroybaza Rizhskaya,1
цсм-хибины.рф,repair Alphabet,1
,ООО «Центр строительных материалов»,1
,Seyd,1
,"Metizy, Magazin",1
,Brigantina,1
,Planeta Remonta,1
stroikaost.ru,Pilomaterialy,1
,Stroymaterialy I Mebel',1
,Stroyka,1
,Magazin Krepezh,1
,"""Yevroremont""",1
,"Ooo ""Samstroy""",1
lesdvorik.ru,Lesnoy Dvorik,1
,Stroybyt,1
,"Magazin ""Dom""",1
,Instrument Magazin Ip Kodintsov A.v.,1
,Gabbro-Kareliya,1
,Kvs Komplekt,1
profildrev.ru,Pik,1
,"Rus' Biznes, Khozyaystvennyy Magazin",1
,Profil'drev,1
,"Ladoga-Stroy, Magazin Stroitel'nykh Tovarov",1
,Kgrk,1
,Magazin Profil'drev,1
10cka.ru,Stroyarsenal,1
,Строительный мир FIT,1
,"Строительный магазин ""Строй мастерок""",1
,"Construction wholesale warehouse ""Decor-Opt""",1
,Baza 53,1
,Smt,1
stroysks.ru,Stroykhoz,1
,СКС строительные материалы,1
,Stroymarket,1
,"Stroy Diskont, Internet-Magazin Stroitel'nykh I Otdelochnykh Materialov",1
,1-Y Stroykhoz Magazin,1
,Stroydom,1
alfastroy-sosnovo.ru,Stroitel'nyye Tovary,1
,Uroven',1
,Stroytovary Baza Stroitel'nykh Materialov,1
,"Magazin ""Uyutnyy Dom""",1
,Al'fastroy,1
,"Stroitel'naya Baza ""Razdol'ye""",1
msm60.ru,Stroykrep,1
,Udachnyy Gnom,1
,Stroyza,1
,Stroybaza Na Almaznoy,1
,Rakurs,1
,Stroyka S Nami,1
s-be.ru,"Stroyberi, Magazin",1
,Магазин СтройМатериалов,1
,Teplovik-Stroymaterialy,1
,Fanera-Severa.rf,1
,Al'fatorg,1
,Stroyberi,1
m.vk.com,"Magazin ""Krepezh""",1
,Stroy-Market Pelageya,1
,shop Home,1
,«Сантехника»,1
,"""Yevrostroy """,1
,Instrument Krepezh,1
str-formula.ru,Stroyelitservis,1
,"Магазин ""Delta""",1
,"Usad'ba, Khozyaystvennyy Magazin",1
,Maksidom,1
,Formula Construction,1
,Stroitel'nyy Magazin Profil',1
st-mix.ru,Stroymiks,1
,СтройМикс,1
,your home,1
,Stroybazar,1
,building a house,1
,Stroy-ka,1
pskovcoop.ru,Prorab,1
,Stroitel'nyy Magazin Raypo,1
,"Stroitel'nyy Magazin ""Uyut""",1
,Giperstroy60 Almaznaya Stroitel'nyy Magazin,1
,"999 Melochey, Magazin Stroitel'nykh Tovarov",1
,"Magazin Stroykhoztovarov ""Rusich""",1
business.google.com,Severnyy Dom,1
,Саморезик,1
,U Tanka,1
,"Ooo ""Inter'yer""",1
,"Miko, Magazin",1
,Otdelochnyye Materialy Dlya Bani I Sauny,1
stroibaza-oreshek.ru,Khozyastvenno-Stroitel'nyy Magazin,1
,"Stroybaza ""Oreshek""",1
,Stroy Khauz,1
,Magazin Stroitel'nykh Materialov.,1
,Tk Il'm,1
,"Oreshek, Stroitel'naya Baza",1
,Stroy Arsenal,1
wuerthmarket.ru,"Magazin ""Duet""",1
,Vyurt Market,1
,"Tovary Dlya Doma, Magazin",1
,"Ooo ""Onezhskiy Monolit""",1
,Wurth Market (Wurth),1
,Petrokomplekt,1
,Plitka,1
dvinasm.ru,Baza Stroitel'nykh Materialov,1
,Topdom Magazin Stroitel'nykh I Otdelochnykh Materialov,1
,"Stroymarket, Ooo Lako",1
,Dvina-Stroymaterialy Magazin,1
,Torgovyy Dom Roy Plyus,1
,"Dvina-Stroymaterialy, Magazin Stroitel'nykh Materialov",1
,"Stroymarket ""Al'fa""",1
hottey51.ru,Dom Magazin Ip Rogova Ye.g.,1
,Ooo Misteriya,1
,"Megastroy, Korpus 2",1
,Khottey,1
,Tsentr Krepezha,1
,"Master, Khozyaystvennyy Magazin",1
,Master-Klass,1
stroybat29.ru,"Avangard, Stroitel'nyy Supermarket",1
,Стройбат,1
,"Umelyye Ruki, Magazin Stroitel'nykh I Otdelochnykh Materialov",1
,Magazin Stroymarket,1
,"Хозторг, Магазин № 4",1
,Stroybat,1
,"Stroymaterialy, Magazin",1
altnord.ru,Al'ternativa Nord Stroybatmarket,1
,Stroydom29,1
,Motobloki,1
,Bum,1
,"Stroymarket ""Rimeyk""",1
,"Magazin Stroymaterialov ""Stroyberi""",1
,Magazin Tovary Dlya Doma,1
c-s-k.ru,Building Market principle,1
,Tekhnokompleks,1
,Stroymaterialy Magazin-Sklad,1
,"Construction hypermarket ""CSK""",1
,Tssk,1
,Profstroy,1
,Stroygrad,1
arhimedmarket.ru,Stroytovary,1
,Skrin,1
,Minvata Spb,1
,"Arkhimed, Stroymarket",1
,Stroyplyus Spb,1
,"Arkhimed, Stroymarket, Ooo",1
,Arkhimed,1
,Metizy-Kamkabel',1
orbita-stroy.pskov.ru,Stroitel'nyye I Otdelochnyye Materialy,1
,"Sneus, Magazin Stroitel'nykh Tovarov",1
,Shop Building Materials,1
,Magazin Rezonans,1
,"Stroitel'nyy Magazin ""Kvartalstroy""",1
,Novostroy Magazin Stroitel'nykh Materialov,1
,"EUROMIX, магазин строительных материалов",1
,Orbita,1
tiberg.ru,МЕТРИКА № 62,1
,Tiberg,1
,Stroymaster,1
,Park,1
,Vso Dlya Stroitel'stva I Remonta,1
,Shurup,1
,Master,1
,Stroitel'nyy Dvorik,1
mega29.ru,Yeliseyevskiy,1
,Stroitel' Baza Stroymaterialov,1
,Mir Remonta,1
,Inkom Magazin,1
,Stroytim,1
,Magazin Metiz,1
,Etalon,1
,Mega,1
stroygarant-35.ru,Tsentrsnab,1
,Sotsial'nyy,1
,"Ooo ""Stroygarant""",1
,Magazin Tekhtsentr,1
,"Stroitel'nyy Tsentr Ooo ""Stroygarant""",1
,Old Khottabych,1
,Idei Dlya Doma,1
,"Ooo ""Lesotek""",1
tbm.ru,Tbm,1
,Salon Keramicheskoy Plitki,1
,Oktyabr',1
,Ekopol,1
,"Stroitel'nyy Mir,",1
,Irina Magazin,1
,Avangard,1
,"Khozyain, Magazin Stroitel'no-Otdelochnykh Materialov",1
optimal-r.ru,Optimal Solutions,1
,"Mega Stroy, Korpus 1",1
,"""Khozyain"" Khozmag",1
,Balezina T.i. Ip,1
,"Megastroy, Korpus 3",1
,Household products,1
,Proton,1
,"Khoztovary, Magazin",1
,Kompleksnyye Stroitel'nyye Resheniya,1
novgorod.stroylandiya.ru,"Stroymarket, Magazin",1
,Stroy Lider,1
,Vybor,1
,Ladnyy Dom,1
,Stroylandiya,1
,Magazin Stroymaterialy,1
,"Stroytovary, Magazin",1
,Novosol,1
,"KERAMA MARAZZI, фирменный магазин керамической плитки",1
,"Ooo ""Tpk Mia""",1
ptz-stroy.ru,Stroybaza Katkov,1
,"Stroitel'nyy Dom, Magazin",1
,#NAME?,1
,Magazin Universalstroy,1
,Stroitel'nyy Dvor,1
,"Ooo""Stroyarsenal"", Magazin Stroitel'nykh Materialov",1
,U Yerofeyeva,1
,Profil',1
,Building yard,1
,"Shop ""STROYDOM""",1
stroistudiya.ru,"Pilomaterialy, Ip Chuprov",1
,Akvaarktika,1
,Stroy Studiya,1
,Dekor,1
,"Mega, Promtovarnyy Magazin",1
,Domovonok,1
,plumbing Supplies,1
,Everest,1
,Stroyctudiya,1
,Gnom,1
,"Magazin ""Praktik""",1
vk.com,"Ooo ""Fantorg""",1
,Supplies Shop LLC Remstroykonstruktsiya,1
,Stroitel'nyy Magazin Dizayn,1
,Al'fa-Layn,1
,Эталон+,1
,areal plus,1
,"Samodelkin, Magazin Stroitel'nykh Tovarov",1
,Art-Stil',1
,Stroyfurnitura,1
,Aspekt,1
,"Voskhod, Baza Stroitel'nykh Materialov",1
,Avgit,1
,Mezhventsovyy Uteplitel' Dlya Srubov Domov I Ban',1
,Bastion,1
,"Prodovol'stvennyy Magazin ""Zarya""",1
,"Baza ""Severnyye Stroymaterialy""",1
,STIHL,1
,BOSICOM,1
,Stroy Market,1
,Coal Kaliningrad,1
,"Stroymag, Magazin Stroitel'nykh Materialov",1
,"Dachnaya Pokupka, Magazin Stroitel'nykh Materialov",1
,"Torgovyy Tsentr ""Re-Mont""",1
,"Del'fin, Santekhnika V Murmanske",1
,"ООО ""Ново-Строй""",1
,Dom,1
,Master-Olenegorsk,1
,Domovoy,1
,Napol'nyye Pokrytiya,1
,Doska Pola,1
,"Optovo-Roznichnyy Tsentr""Stroitel'nyy Dvor """,1
,Drevmarket,1
,Remontik,1
,Elektroinstrument,1
,Santeks,1
,Fabrika Okon I Dverey,1
,"Stroitel'nyy Magazin ""Usad'ba""",1
,House Shopping Center,1
,Stroitel'nyye Materialy,1
,I.p.sokolov,1
,Stroybaza Salmi,1
,Instrumen,1
,"Stroykholding, Magazin Otdelochnykh Materialov",1
,Instrument,1
,"Stroymaterialy ""Komplekt""",1
,Keramiks,1
,Tigi Knauf,1
,Khozmag,1
,Tovary Dlya Remonta,1
,Khozmarket,1
,Zavkhoz,1
,Khoztovary,1
,СтройEvroБлок,1
,Khozyain,1
,Masterok,1
,Kirpich,1
,Mega Ctroy,1
,"Komiteks Treyding, Magazin Stroitel'nykh Tovarov",1
,Molotok,1
,Kompaniya Svs,1
,Novinka,1
,Kondopozhskiy Shungitovyy Zavod,1
,"Ooo ""Giperstroy60""",1
,Krepozh,1
,Pervyy Stroitel'nyy Komissionnyy,1
,Ks Dekor,1
,"Promsnabkomi, Ooo",1
,Kvartalstroy,1
,Riforn,1
,Lyubimyy,1
,Samorezik,1
,"Magazin ""Domina""",1
,"Shop ""For You""",1
,"Magazin ""Domovoy""",1
,Stroitel'naya Barakholka,1
,"Magazin ""Khleb""",1
,"Stroitel'nyy Magazin ""Yevroremont"" Keramicheskaya Plitka, Laminat, Toplyy Pol Termoregulyatory, Dveri.",1
,"Magazin ""Khozyain""",1
,"Stroitel'nyy Rynok ""Soyuz""",1
,"Magazin ""Kristall""",1
,Stroitel'stvo Murmansk,1
,"Magazin ""Na Bazarnoy"" Ooo ""Domostroy""",1
,Stroy Plyus,1
,"Magazin ""Pervyy Master""",1
,Stroy-Ekonom,1
,"Magazin ""Raduzhnyy""",1
,"Stroy-ka, Shop",1
,"Magazin ""Teplyy Dom""",1
,Stroykhoztovary,1
,Magazin Dom-Stroy,1
,Stroymaks,1
,Magazin Master,1
,Stroystudiya,1
,"Magazin Master Avtoaksessuarov I Masel, Instrument",1
,Svoy Dom - Stroitel'nyye Materialy I Tovary Dlya Doma,1
,Magazin Otdelochnykh Materialov,1
,Tikkurila 51,1
,"Magazin Santekhniki ""Magnit""",1
,"Torgovyy Tsentr Al'fa, Magazin, Ooo Al'fa",1
,"Magazin Stroitel'nykh Tovarov I Tovarov Dlya Doma ""Kerosinka""",1
,Vodaley,1
,Magazin Stroykhoztovary,1
,Vso Dlya Remonta I Novostroyki,1
,Magazin Stroymaterialov,1
,ИДЕЯ+,1
,Magazin Stroymaterialy Ooo Stroykom,1
,Оптима+,1
,Master Krepezha,1
,"Стройматериалы ""Best""",1
,Master Plyus,1
,"1000 Melochey, Khozyaystvennyy Magazin",1
,"Master Plyus, Magazin Stroitel'nykh Tovarov",1
Grand Total,,881
